task,segment,model_family,model_variant,total_parameters,parameters_source,gpu_model,num_gpus,hardware_source,inference_s_per_batch_test,inference_s_per_batch_active,inference_s_per_batch_passive,inference_ms_per_sample_test,inference_ms_per_sample_active,inference_ms_per_sample_passive,eval_batch_size,eval_total_time_s,test_num_samples,inference_source,log_source
age_classification,1s,CNN,eeg_cnn,593522,computed from CNN model architecture (not logged in final_logs),NVIDIA L40S,4,final_logs/CNN/CNN_1s/cnn_1s.log,,,,0.6414040033476596,1.8745215007414773,1.8745215007414773,512,1199.47,476751,training log Evaluation time lines + sample counts from experiment_summary.json,final_logs/CNN/CNN_1s/cnn_1s.log
age_classification,2s,CNN,eeg_cnn,593522,computed from CNN model architecture (not logged in final_logs),NVIDIA L40S,4,final_logs/CNN/CNN_2s/cnn_2s.log,,,,0.7149478853477651,1.6240312019776841,1.6240312019776844,192,560.12,239472,training log Evaluation time lines + sample counts from experiment_summary.json,final_logs/CNN/CNN_2s/cnn_2s.log
age_classification,4s,CNN,eeg_cnn,593522,computed from CNN model architecture (not logged in final_logs),NVIDIA L40S,4,final_logs/CNN/CNN_4s/cnn_4s.log,,,,0.8763443665173547,1.7448628988380501,1.7448628988380501,128,351.69,134171,training log Evaluation time lines + sample counts from experiment_summary.json,final_logs/CNN/CNN_4s/cnn_4s.log
age_classification,1s,LaBraM,age,5825339,final_logs/LaBraM/labram_age_1s/train3.log,NVIDIA L40S,2,final_logs/LaBraM/labram_age_1s/train3.log,1.3121,0.0732,0.0662,,,,,,,final eval block: '<Phase> Test: Total time: ... (X s / it)',final_logs/LaBraM/labram_age_1s/train3.log
age_classification,2s,LaBraM,age,5825339,final_logs/LaBraM/labram_age_2s/train.log,NVIDIA L40S,4,final_logs/LaBraM/labram_age_2s/train.log,0.2734,0.2092,0.1936,,,,,,,final eval block: '<Phase> Test: Total time: ... (X s / it)',final_logs/LaBraM/labram_age_2s/train.log
age_classification,4s,LaBraM,age,5825339,final_logs/LaBraM/labram_age_4s/train.log,NVIDIA L40S,4,final_logs/LaBraM/labram_age_4s/train.log,0.267,0.2229,0.1994,,,,,,,final eval block: '<Phase> Test: Total time: ... (X s / it)',final_logs/LaBraM/labram_age_4s/train.log
age_classification,1s,ResNet,resnet18,3946007,computed from saved ResNet checkpoint (not logged in final_logs),NVIDIA L40S,4,final_logs/RESNET/RESNET18_age_1s/resnet18_age_1s.log,,,,0.5593695660837629,1.4452617823559886,1.4452617823559886,,955.71,476751,training log Evaluation time lines + sample counts from experiment_summary.json,final_logs/RESNET/RESNET18_age_1s/resnet18_age_1s.log
age_classification,2s,ResNet,resnet18,3946007,computed from saved ResNet checkpoint (not logged in final_logs),NVIDIA L40S,4,final_logs/RESNET/RESNET18_age_2s/resnet18_age_2s.log,,,,0.6939433420191087,1.5800177056190285,1.5800177056190283,,544.55,239472,training log Evaluation time lines + sample counts from experiment_summary.json,final_logs/RESNET/RESNET18_age_2s/resnet18_age_2s.log
age_classification,4s,ResNet,resnet18,3946007,computed from saved ResNet checkpoint (not logged in final_logs),NVIDIA L40S,4,final_logs/RESNET/RESNET18_age_4s/resnet18_age_4s.log,,,,0.8305818694054602,1.837729464638409,1.8377294646384092,,358.01,134171,training log Evaluation time lines + sample counts from experiment_summary.json,final_logs/RESNET/RESNET18_age_4s/resnet18_age_4s.log
age_classification,1s,ResNet,resnet34,7327783,computed from saved ResNet checkpoint (not logged in final_logs),NVIDIA L40S,4,final_logs/RESNET/RESNET34_age_1s/resnet34_age_1s.log,,,,0.544728799729838,1.3779729879958302,1.37797298799583,,916.65,476751,training log Evaluation time lines + sample counts from experiment_summary.json,final_logs/RESNET/RESNET34_age_1s/resnet34_age_1s.log
age_classification,2s,ResNet,resnet34,7327783,computed from saved ResNet checkpoint (not logged in final_logs),NVIDIA L40S,4,final_logs/RESNET/RESNET34_age_2s/resnet34_age_2s.log,,,,0.6930246542393266,1.5599736086055984,1.5599736086055986,,539.53,239472,training log Evaluation time lines + sample counts from experiment_summary.json,final_logs/RESNET/RESNET34_age_2s/resnet34_age_2s.log
age_classification,4s,ResNet,resnet34,7327783,computed from saved ResNet checkpoint (not logged in final_logs),NVIDIA L40S,4,final_logs/RESNET/RESNET34_age_4s/resnet34_age_4s.log,,,,0.6473828174493743,1.4048490359317587,1.404849035931759,,275.35,134171,training log Evaluation time lines + sample counts from experiment_summary.json,final_logs/RESNET/RESNET34_age_4s/resnet34_age_4s.log
age_classification,1s,ResNet,resnet50,16296504,computed from saved ResNet checkpoint (not logged in final_logs),NVIDIA L40S,4,final_logs/RESNET/RESNET50_age_1s/resnet50_age_1s.log,,,,0.5652426528733029,1.3860065317115222,1.3860065317115222,,930.26,476751,training log Evaluation time lines + sample counts from experiment_summary.json,final_logs/RESNET/RESNET50_age_1s/resnet50_age_1s.log
age_classification,2s,ResNet,resnet50,16296504,computed from saved ResNet checkpoint (not logged in final_logs),NVIDIA L40S,4,final_logs/RESNET/RESNET50_age_2s/resnet50_age_2s.log,,,,0.5058211398409834,1.2382658515400549,1.2382658515400549,,417.66,239472,training log Evaluation time lines + sample counts from experiment_summary.json,final_logs/RESNET/RESNET50_age_2s/resnet50_age_2s.log
age_classification,4s,ResNet,resnet50,16296504,computed from saved ResNet checkpoint (not logged in final_logs),NVIDIA L40S,4,final_logs/RESNET/RESNET50_age_4s/resnet50_age_4s.log,,,,0.665494033733072,1.4308606181663694,1.4308606181663697,,281.27,134171,training log Evaluation time lines + sample counts from experiment_summary.json,final_logs/RESNET/RESNET50_age_4s/resnet50_age_4s.log
age_regression,1s,CNN,eeg_cnn,593522,computed from CNN model architecture (not logged in final_logs),NVIDIA L40S,4,final_logs/CNN/CNN_1s/cnn_1s.log,,,,0.5420439600546197,1.4070237922940907,1.4070237922940905,512,929.22,476751,training log Evaluation time lines + sample counts from experiment_summary.json,final_logs/CNN/CNN_1s/cnn_1s.log
age_regression,2s,CNN,eeg_cnn,593522,computed from CNN model architecture (not logged in final_logs),NVIDIA L40S,4,final_logs/CNN/CNN_2s/cnn_2s.log,,,,0.7207105632391261,1.5666132157412973,1.5666132157412975,192,547.75,239472,training log Evaluation time lines + sample counts from experiment_summary.json,final_logs/CNN/CNN_2s/cnn_2s.log
age_regression,4s,CNN,eeg_cnn,593522,computed from CNN model architecture (not logged in final_logs),NVIDIA L40S,4,final_logs/CNN/CNN_4s/cnn_4s.log,,,,0.8226815034545467,1.7265280872915905,1.7265280872915905,128,342.03,134171,training log Evaluation time lines + sample counts from experiment_summary.json,final_logs/CNN/CNN_4s/cnn_4s.log
age_regression,1s,LaBraM,age_regression,5824937,final_logs/LaBraM/LABRAM_base_age_regression_1s/labram_base_age_regression_1s_resume2.log,NVIDIA L40S,1,final_logs/LaBraM/LABRAM_base_age_regression_1s/labram_base_age_regression_1s_resume2.log,1.3094,0.0203,0.0161,,,,,,,final eval block: '<Phase> Test: Total time: ... (X s / it)',final_logs/LaBraM/LABRAM_base_age_regression_1s/labram_base_age_regression_1s_resume2.log
age_regression,2s,LaBraM,age_regression,5824937,final_logs/LaBraM/LABRAM_base_age_regression_2s/labram_base_age_regression_2s.log,NVIDIA L40S,2,final_logs/LaBraM/LABRAM_base_age_regression_2s/labram_base_age_regression_2s.log,0.1712,0.0262,0.0188,,,,,,,final eval block: '<Phase> Test: Total time: ... (X s / it)',final_logs/LaBraM/LABRAM_base_age_regression_2s/labram_base_age_regression_2s.log
age_regression,4s,LaBraM,age_regression,5824937,final_logs/LaBraM/LABRAM_base_age_regression_4s/labram_base_age_regression_4s.log,NVIDIA L40S,1,final_logs/LaBraM/LABRAM_base_age_regression_4s/labram_base_age_regression_4s.log,0.2511,0.0497,0.0468,,,,,,,final eval block: '<Phase> Test: Total time: ... (X s / it)',final_logs/LaBraM/LABRAM_base_age_regression_4s/labram_base_age_regression_4s.log
age_regression,1s,ResNet,resnet18,3946007,computed from saved ResNet checkpoint (not logged in final_logs),NVIDIA L40S,1,final_logs/RESNET/RESNET18_age_regression_1s/resnet18_age_regression_1s.log,,,,0.4750697953439007,0.5000304141994457,0.5000304141994458,,464.88,476751,training log Evaluation time lines + sample counts from experiment_summary.json,final_logs/RESNET/RESNET18_age_regression_1s/resnet18_age_regression_1s.log
age_regression,2s,ResNet,resnet18,3946007,computed from saved ResNet checkpoint (not logged in final_logs),NVIDIA L40S,1,final_logs/RESNET/RESNET18_age_regression_2s/resnet18_age_regression_2s.log,,,,0.5520478385782053,0.6039536981358989,0.6039536981358989,,276.83,239472,training log Evaluation time lines + sample counts from experiment_summary.json,final_logs/RESNET/RESNET18_age_regression_2s/resnet18_age_regression_2s.log
age_regression,4s,ResNet,resnet18,3946007,computed from saved ResNet checkpoint (not logged in final_logs),NVIDIA L40S,1,final_logs/RESNET/RESNET18_age_regression_4s/resnet18_age_regression_4s.log,,,,1.0107251194371363,1.118870694859545,1.118870694859545,,285.73,134171,training log Evaluation time lines + sample counts from experiment_summary.json,final_logs/RESNET/RESNET18_age_regression_4s/resnet18_age_regression_4s.log
age_regression,1s,ResNet,resnet34,7327783,computed from saved ResNet checkpoint (not logged in final_logs),NVIDIA L40S,1,final_logs/RESNET/RESNET34_age_regression_1s/resnet34_age_regression_1s.log,,,,0.47446151135498404,0.6721957583728193,0.6721957583728193,,546.67,476751,training log Evaluation time lines + sample counts from experiment_summary.json,final_logs/RESNET/RESNET34_age_regression_1s/resnet34_age_regression_1s.log
age_regression,2s,ResNet,resnet34,7327783,computed from saved ResNet checkpoint (not logged in final_logs),NVIDIA L40S,1,final_logs/RESNET/RESNET34_age_regression_2s/resnet34_age_regression_2s.log,,,,0.5801513329324515,0.6837542593706153,0.6837542593706154,,302.67,239472,training log Evaluation time lines + sample counts from experiment_summary.json,final_logs/RESNET/RESNET34_age_regression_2s/resnet34_age_regression_2s.log
age_regression,4s,ResNet,resnet34,7327783,computed from saved ResNet checkpoint (not logged in final_logs),NVIDIA L40S,1,final_logs/RESNET/RESNET34_age_regression_4s/resnet34_age_regression_4s.log,,,,1.0474692742843086,1.1351186172868948,1.1351186172868948,,292.84,134171,training log Evaluation time lines + sample counts from experiment_summary.json,final_logs/RESNET/RESNET34_age_regression_4s/resnet34_age_regression_4s.log
age_regression,1s,ResNet,resnet50,16296504,computed from saved ResNet checkpoint (not logged in final_logs),NVIDIA L40S,1,final_logs/RESNET/RESNET50_age_regression_1s/resnet50_age_regression_1s.log,,,,0.4647918934622056,0.4996318833101557,0.4996318833101557,,459.79,476751,training log Evaluation time lines + sample counts from experiment_summary.json,final_logs/RESNET/RESNET50_age_regression_1s/resnet50_age_regression_1s.log
age_regression,2s,ResNet,resnet50,16296504,computed from saved ResNet checkpoint (not logged in final_logs),NVIDIA L40S,1,final_logs/RESNET/RESNET50_age_regression_2s/resnet50_age_regression_2s.log,,,,0.5574346896505646,0.6215758000935391,0.6215758000935391,,282.34,239472,training log Evaluation time lines + sample counts from experiment_summary.json,final_logs/RESNET/RESNET50_age_regression_2s/resnet50_age_regression_2s.log
age_regression,4s,ResNet,resnet50,16296504,computed from saved ResNet checkpoint (not logged in final_logs),NVIDIA L40S,1,final_logs/RESNET/RESNET50_age_regression_4s/resnet50_age_regression_4s.log,,,,1.0378546779855558,1.097107422617406,1.097107422617406,,286.45,134171,training log Evaluation time lines + sample counts from experiment_summary.json,final_logs/RESNET/RESNET50_age_regression_4s/resnet50_age_regression_4s.log
gender_classification,1s,CNN,eeg_cnn,593522,computed from CNN model architecture (not logged in final_logs),NVIDIA L40S,4,final_logs/CNN/CNN_1s/cnn_1s.log,,,,0.5942305312416755,1.485072920665085,1.4850729206650852,512,991.31,476751,training log Evaluation time lines + sample counts from experiment_summary.json,final_logs/CNN/CNN_1s/cnn_1s.log
gender_classification,2s,CNN,eeg_cnn,593522,computed from CNN model architecture (not logged in final_logs),NVIDIA L40S,4,final_logs/CNN/CNN_2s/cnn_2s.log,,,,0.7409216943943342,1.5853210396204984,1.5853210396204986,192,557.07,239472,training log Evaluation time lines + sample counts from experiment_summary.json,final_logs/CNN/CNN_2s/cnn_2s.log
gender_classification,4s,CNN,eeg_cnn,593522,computed from CNN model architecture (not logged in final_logs),NVIDIA L40S,4,final_logs/CNN/CNN_4s/cnn_4s.log,,,,0.8196257015301369,1.7286149764106995,1.7286149764106997,128,341.9,134171,training log Evaluation time lines + sample counts from experiment_summary.json,final_logs/CNN/CNN_4s/cnn_4s.log
gender_classification,1s,LaBraM,gender,5824937,final_logs/LaBraM/labram_gender_1s/train2.log,NVIDIA L40S,1,final_logs/LaBraM/labram_gender_1s/train2.log,1.5129,0.0222,0.0184,,,,,,,final eval block: '<Phase> Test: Total time: ... (X s / it)',final_logs/LaBraM/labram_gender_1s/train2.log
gender_classification,2s,LaBraM,gender,5824937,final_logs/LaBraM/labram_gender_2s/eval_f1.log,NVIDIA L40S,2,final_logs/LaBraM/labram_gender_2s/eval_f1.log,0.1069,0.0683,0.0658,,,,,,,final eval block: '<Phase> Test: Total time: ... (X s / it)',final_logs/LaBraM/labram_gender_2s/eval_f1.log
gender_classification,4s,LaBraM,gender,5824937,final_logs/LaBraM/labram_gender_4s/eval_f1.log,NVIDIA L40S,2,final_logs/LaBraM/labram_gender_4s/eval_f1.log,0.1238,0.0943,0.0795,,,,,,,final eval block: '<Phase> Test: Total time: ... (X s / it)',final_logs/LaBraM/labram_gender_4s/eval_f1.log
gender_classification,1s,ResNet,resnet18,3946007,computed from saved ResNet checkpoint (not logged in final_logs),NVIDIA L40S,4,final_logs/RESNET/RESNET18_gender_1s/resnet18_gender_1s.log,,,,0.41088534685821315,1.1501811218015277,1.1501811218015274,,744.24,476751,training log Evaluation time lines + sample counts from experiment_summary.json,final_logs/RESNET/RESNET18_gender_1s/resnet18_gender_1s.log
gender_classification,2s,ResNet,resnet18,3946007,computed from saved ResNet checkpoint (not logged in final_logs),NVIDIA L40S,4,final_logs/RESNET/RESNET18_gender_2s/resnet18_gender_2s.log,,,,0.5492082581679696,1.3620799091334266,1.3620799091334266,,457.7,239472,training log Evaluation time lines + sample counts from experiment_summary.json,final_logs/RESNET/RESNET18_gender_2s/resnet18_gender_2s.log
gender_classification,4s,ResNet,resnet18,3946007,computed from saved ResNet checkpoint (not logged in final_logs),NVIDIA L40S,4,final_logs/RESNET/RESNET18_gender_4s/resnet18_gender_4s.log,,,,0.6834561865082619,1.4556796923329183,1.4556796923329183,,287.01,134171,training log Evaluation time lines + sample counts from experiment_summary.json,final_logs/RESNET/RESNET18_gender_4s/resnet18_gender_4s.log
gender_classification,1s,ResNet,resnet34,7327783,computed from saved ResNet checkpoint (not logged in final_logs),NVIDIA L40S,4,final_logs/RESNET/RESNET34_gender_1s/resnet34_gender_1s.log,,,,0.4433131760604592,1.1970609395680343,1.1970609395680343,,782.05,476751,training log Evaluation time lines + sample counts from experiment_summary.json,final_logs/RESNET/RESNET34_gender_1s/resnet34_gender_1s.log
gender_classification,2s,ResNet,resnet34,7327783,computed from saved ResNet checkpoint (not logged in final_logs),NVIDIA L40S,4,final_logs/RESNET/RESNET34_gender_2s/resnet34_gender_2s.log,,,,0.5093706153537784,1.251419790205118,1.251419790205118,,421.66,239472,training log Evaluation time lines + sample counts from experiment_summary.json,final_logs/RESNET/RESNET34_gender_2s/resnet34_gender_2s.log
gender_classification,4s,ResNet,resnet34,7327783,computed from saved ResNet checkpoint (not logged in final_logs),NVIDIA L40S,4,final_logs/RESNET/RESNET34_gender_4s/resnet34_gender_4s.log,,,,0.8625559919803832,1.7774332754470041,1.777433275447004,,354.21,134171,training log Evaluation time lines + sample counts from experiment_summary.json,final_logs/RESNET/RESNET34_gender_4s/resnet34_gender_4s.log
gender_classification,1s,ResNet,resnet50,16296504,computed from saved ResNet checkpoint (not logged in final_logs),NVIDIA L40S,4,final_logs/RESNET/RESNET50_gender_1s/resnet50_gender_1s.log,,,,0.4314831012415286,1.1535581467055125,1.1535581467055127,,755.67,476751,training log Evaluation time lines + sample counts from experiment_summary.json,final_logs/RESNET/RESNET50_gender_1s/resnet50_gender_1s.log
gender_classification,2s,ResNet,resnet50,16296504,computed from saved ResNet checkpoint (not logged in final_logs),NVIDIA L40S,4,final_logs/RESNET/RESNET50_gender_2s/resnet50_gender_2s.log,,,,0.6975763346027929,1.551830694193893,1.551830694193893,,538.67,239472,training log Evaluation time lines + sample counts from experiment_summary.json,final_logs/RESNET/RESNET50_gender_2s/resnet50_gender_2s.log
gender_classification,4s,ResNet,resnet50,16296504,computed from saved ResNet checkpoint (not logged in final_logs),NVIDIA L40S,4,final_logs/RESNET/RESNET50_gender_4s/resnet50_gender_4s.log,,,,0.6651213749618025,1.4056688852285515,1.4056688852285513,,277.84,134171,training log Evaluation time lines + sample counts from experiment_summary.json,final_logs/RESNET/RESNET50_gender_4s/resnet50_gender_4s.log
