segment,fold,split,rank,channel,mean_importance,std_importance,val_accuracy,test_accuracy
1s segments,fold_0,combined,1,C2,17.467173,221.5535,96.57327785483125,96.56248540787897
1s segments,fold_0,combined,2,T7,16.192509,230.30339,96.57327785483125,96.56248540787897
1s segments,fold_0,combined,3,AF8,15.802638,171.6986,96.57327785483125,96.56248540787897
1s segments,fold_0,combined,4,T10,15.381573,151.96404,96.57327785483125,96.56248540787897
1s segments,fold_0,combined,5,FZ,12.41906,195.73286,96.57327785483125,96.56248540787897
1s segments,fold_0,combined,6,F1,12.068488,102.955,96.57327785483125,96.56248540787897
1s segments,fold_0,combined,7,CP1,10.961215,150.01366,96.57327785483125,96.56248540787897
1s segments,fold_0,combined,8,C1,10.905454,92.00833,96.57327785483125,96.56248540787897
1s segments,fold_0,combined,9,C6,10.781034,165.46143,96.57327785483125,96.56248540787897
1s segments,fold_0,combined,10,AF7,10.660781,90.15414,96.57327785483125,96.56248540787897
1s segments,fold_0,active,1,T10,12.942348,165.82571,96.57327785483125,96.56248540787897
1s segments,fold_0,active,2,T7,12.348058,150.94655,96.57327785483125,96.56248540787897
1s segments,fold_0,active,3,F1,10.175795,76.95451,96.57327785483125,96.56248540787897
1s segments,fold_0,active,4,C2,9.324957,78.11287,96.57327785483125,96.56248540787897
1s segments,fold_0,active,5,AF8,9.0078,91.03799,96.57327785483125,96.56248540787897
1s segments,fold_0,active,6,CP1,8.568307,75.463684,96.57327785483125,96.56248540787897
1s segments,fold_0,active,7,P2,7.727799,72.58354,96.57327785483125,96.56248540787897
1s segments,fold_0,active,8,FZ,7.5478287,67.0603,96.57327785483125,96.56248540787897
1s segments,fold_0,active,9,PZ,7.01977,84.397675,96.57327785483125,96.56248540787897
1s segments,fold_0,active,10,FC6,6.9645123,69.88564,96.57327785483125,96.56248540787897
1s segments,fold_0,passive,1,C2,18.91962,238.13107,96.57327785483125,96.56248540787897
1s segments,fold_0,passive,2,AF8,17.015354,182.44855,96.57327785483125,96.56248540787897
1s segments,fold_0,passive,3,T7,16.879868,241.68716,96.57327785483125,96.56248540787897
1s segments,fold_0,passive,4,T10,15.819315,149.4629,96.57327785483125,96.56248540787897
1s segments,fold_0,passive,5,FZ,13.288669,210.52258,96.57327785483125,96.56248540787897
1s segments,fold_0,passive,6,F1,12.407712,106.90554,96.57327785483125,96.56248540787897
1s segments,fold_0,passive,7,C1,11.674519,96.5736,96.57327785483125,96.56248540787897
1s segments,fold_0,passive,8,C6,11.611473,177.20686,96.57327785483125,96.56248540787897
1s segments,fold_0,passive,9,AF7,11.416431,94.765305,96.57327785483125,96.56248540787897
1s segments,fold_0,passive,10,CP1,11.388734,159.6578,96.57327785483125,96.56248540787897
1s segments,fold_1,combined,1,C2,20.19577,393.50742,96.93568364368983,96.93828810369624
1s segments,fold_1,combined,2,AF8,17.848759,220.88205,96.93568364368983,96.93828810369624
1s segments,fold_1,combined,3,P6,16.126196,398.98898,96.93568364368983,96.93828810369624
1s segments,fold_1,combined,4,CP4,13.54184,319.2596,96.93568364368983,96.93828810369624
1s segments,fold_1,combined,5,FZ,13.234622,487.38385,96.93568364368983,96.93828810369624
1s segments,fold_1,combined,6,CP1,12.971148,425.52246,96.93568364368983,96.93828810369624
1s segments,fold_1,combined,7,F9,12.424909,371.16022,96.93568364368983,96.93828810369624
1s segments,fold_1,combined,8,AF7,12.386635,249.74066,96.93568364368983,96.93828810369624
1s segments,fold_1,combined,9,T10,12.346292,346.6105,96.93568364368983,96.93828810369624
1s segments,fold_1,combined,10,F3,12.008059,308.27707,96.93568364368983,96.93828810369624
1s segments,fold_1,active,1,AF8,9.594585,118.77481,96.93568364368983,96.93828810369624
1s segments,fold_1,active,2,C2,9.233595,223.87074,96.93568364368983,96.93828810369624
1s segments,fold_1,active,3,FP1,8.936084,509.34528,96.93568364368983,96.93828810369624
1s segments,fold_1,active,4,P6,8.647208,167.09856,96.93568364368983,96.93828810369624
1s segments,fold_1,active,5,PO3,8.217928,398.7806,96.93568364368983,96.93828810369624
1s segments,fold_1,active,6,F1,7.5329385,162.00365,96.93568364368983,96.93828810369624
1s segments,fold_1,active,7,CP4,7.3340216,221.49013,96.93568364368983,96.93828810369624
1s segments,fold_1,active,8,CP1,7.253155,88.3667,96.93568364368983,96.93828810369624
1s segments,fold_1,active,9,F3,7.222483,258.2664,96.93568364368983,96.93828810369624
1s segments,fold_1,active,10,T7,7.084365,189.87529,96.93568364368983,96.93828810369624
1s segments,fold_1,passive,1,C2,22.121391,416.0649,96.93568364368983,96.93828810369624
1s segments,fold_1,passive,2,AF8,19.299417,234.2022,96.93568364368983,96.93828810369624
1s segments,fold_1,passive,3,P6,17.440784,426.8299,96.93568364368983,96.93828810369624
1s segments,fold_1,passive,4,CP4,14.632651,333.37387,96.93568364368983,96.93828810369624
1s segments,fold_1,passive,5,FZ,14.44687,523.87366,96.93568364368983,96.93828810369624
1s segments,fold_1,passive,6,CP1,13.975957,459.82776,96.93568364368983,96.93828810369624
1s segments,fold_1,passive,7,AF7,13.452179,265.76474,96.93568364368983,96.93828810369624
1s segments,fold_1,passive,8,T10,13.389537,370.85095,96.93568364368983,96.93828810369624
1s segments,fold_1,passive,9,F9,13.383247,397.86667,96.93568364368983,96.93828810369624
1s segments,fold_1,passive,10,OZ,12.944239,668.87506,96.93568364368983,96.93828810369624
1s segments,fold_2,combined,1,AF8,17.728815,146.86148,96.99500936076329,97.02112811753003
1s segments,fold_2,combined,2,C2,17.152382,152.80652,96.99500936076329,97.02112811753003
1s segments,fold_2,combined,3,F9,14.427479,748.42004,96.99500936076329,97.02112811753003
1s segments,fold_2,combined,4,FP1,12.759159,647.33356,96.99500936076329,97.02112811753003
1s segments,fold_2,combined,5,FZ,12.46661,288.63937,96.99500936076329,97.02112811753003
1s segments,fold_2,combined,6,C6,11.853016,133.61163,96.99500936076329,97.02112811753003
1s segments,fold_2,combined,7,AF7,11.530917,98.2151,96.99500936076329,97.02112811753003
1s segments,fold_2,combined,8,F3,11.525087,138.59578,96.99500936076329,97.02112811753003
1s segments,fold_2,combined,9,C1,10.948353,167.41365,96.99500936076329,97.02112811753003
1s segments,fold_2,combined,10,P6,10.922453,222.84087,96.99500936076329,97.02112811753003
1s segments,fold_2,active,1,F9,14.200628,1377.0579,96.99500936076329,97.02112811753003
1s segments,fold_2,active,2,FZ,11.50522,715.63446,96.99500936076329,97.02112811753003
1s segments,fold_2,active,3,C2,11.149293,222.81322,96.99500936076329,97.02112811753003
1s segments,fold_2,active,4,AF8,11.132091,163.4709,96.99500936076329,97.02112811753003
1s segments,fold_2,active,5,FP1,10.736057,1218.9198,96.99500936076329,97.02112811753003
1s segments,fold_2,active,6,F1,9.690297,300.19116,96.99500936076329,97.02112811753003
1s segments,fold_2,active,7,CP4,9.244532,738.29346,96.99500936076329,97.02112811753003
1s segments,fold_2,active,8,P5,9.1242895,635.38727,96.99500936076329,97.02112811753003
1s segments,fold_2,active,9,F8,9.062205,433.4309,96.99500936076329,97.02112811753003
1s segments,fold_2,active,10,P6,8.800723,505.16486,96.99500936076329,97.02112811753003
1s segments,fold_2,passive,1,AF8,18.893726,143.67058,96.99500936076329,97.02112811753003
1s segments,fold_2,passive,2,C2,18.212317,136.75615,96.99500936076329,97.02112811753003
1s segments,fold_2,passive,3,F9,14.470082,569.8358,96.99500936076329,97.02112811753003
1s segments,fold_2,passive,4,FP1,13.118692,480.72104,96.99500936076329,97.02112811753003
1s segments,fold_2,passive,5,FZ,12.638386,88.46948,96.99500936076329,97.02112811753003
1s segments,fold_2,passive,6,C6,12.573309,120.64665,96.99500936076329,97.02112811753003
1s segments,fold_2,passive,7,F3,12.172641,128.83334,96.99500936076329,97.02112811753003
1s segments,fold_2,passive,8,AF7,12.165744,94.38459,96.99500936076329,97.02112811753003
1s segments,fold_2,passive,9,C1,11.493603,102.17217,96.99500936076329,97.02112811753003
1s segments,fold_2,passive,10,P6,11.297674,116.132385,96.99500936076329,97.02112811753003
1s segments,fold_3,combined,1,AF8,17.40215,153.92307,96.78429480125892,96.77573901790619
1s segments,fold_3,combined,2,C2,14.496681,112.696526,96.78429480125892,96.77573901790619
1s segments,fold_3,combined,3,T7,14.319109,479.33328,96.78429480125892,96.77573901790619
1s segments,fold_3,combined,4,F9,14.073503,403.45895,96.78429480125892,96.77573901790619
1s segments,fold_3,combined,5,T10,13.231372,254.4583,96.78429480125892,96.77573901790619
1s segments,fold_3,combined,6,FZ,13.146322,195.39232,96.78429480125892,96.77573901790619
1s segments,fold_3,combined,7,C1,12.561352,97.8991,96.78429480125892,96.77573901790619
1s segments,fold_3,combined,8,AF7,11.566569,98.740944,96.78429480125892,96.77573901790619
1s segments,fold_3,combined,9,F1,11.491565,158.58911,96.78429480125892,96.77573901790619
1s segments,fold_3,combined,10,C6,10.951791,81.34371,96.78429480125892,96.77573901790619
1s segments,fold_3,active,1,AF8,10.3488035,83.03952,96.78429480125892,96.77573901790619
1s segments,fold_3,active,2,T7,9.234864,90.298096,96.78429480125892,96.77573901790619
1s segments,fold_3,active,3,T10,8.664435,57.621357,96.78429480125892,96.77573901790619
1s segments,fold_3,active,4,FZ,8.491784,98.47043,96.78429480125892,96.77573901790619
1s segments,fold_3,active,5,F1,8.473367,49.510525,96.78429480125892,96.77573901790619
1s segments,fold_3,active,6,C2,8.300757,61.825848,96.78429480125892,96.77573901790619
1s segments,fold_3,active,7,CP1,7.909405,76.03897,96.78429480125892,96.77573901790619
1s segments,fold_3,active,8,F9,7.799529,67.76835,96.78429480125892,96.77573901790619
1s segments,fold_3,active,9,C1,7.4518814,66.97914,96.78429480125892,96.77573901790619
1s segments,fold_3,active,10,PO7,6.921301,69.62691,96.78429480125892,96.77573901790619
1s segments,fold_3,passive,1,AF8,18.641102,163.27925,96.78429480125892,96.77573901790619
1s segments,fold_3,passive,2,C2,15.58503,119.36419,96.78429480125892,96.77573901790619
1s segments,fold_3,passive,3,T7,15.212141,518.2724,96.78429480125892,96.77573901790619
1s segments,fold_3,passive,4,F9,15.175394,436.46527,96.78429480125892,96.77573901790619
1s segments,fold_3,passive,5,T10,14.034142,274.80258,96.78429480125892,96.77573901790619
1s segments,fold_3,passive,6,FZ,13.9643345,207.75961,96.78429480125892,96.77573901790619
1s segments,fold_3,passive,7,C1,13.459523,102.31745,96.78429480125892,96.77573901790619
1s segments,fold_3,passive,8,AF7,12.386228,104.14261,96.78429480125892,96.77573901790619
1s segments,fold_3,passive,9,F1,12.022573,170.6605,96.78429480125892,96.77573901790619
1s segments,fold_3,passive,10,C6,11.783248,85.56635,96.78429480125892,96.77573901790619
2s segments,fold_0,combined,1,C2,7.3771634,132.8212,96.67884388663026,96.62434713971595
2s segments,fold_0,combined,2,AF8,7.0805807,124.14113,96.67884388663026,96.62434713971595
2s segments,fold_0,combined,3,AF7,5.263216,106.29273,96.67884388663026,96.62434713971595
2s segments,fold_0,combined,4,F3,4.7189093,92.434525,96.67884388663026,96.62434713971595
2s segments,fold_0,combined,5,FZ,4.606819,102.68421,96.67884388663026,96.62434713971595
2s segments,fold_0,combined,6,C6,4.360847,79.505875,96.67884388663026,96.62434713971595
2s segments,fold_0,combined,7,C1,4.3081193,76.85632,96.67884388663026,96.62434713971595
2s segments,fold_0,combined,8,F2,4.261856,84.18383,96.67884388663026,96.62434713971595
2s segments,fold_0,combined,9,T10,4.253489,134.41147,96.67884388663026,96.62434713971595
2s segments,fold_0,combined,10,F1,4.1570697,402.7782,96.67884388663026,96.62434713971595
2s segments,fold_0,active,1,F1,12.678806,1014.134,96.67884388663026,96.62434713971595
2s segments,fold_0,active,2,FC4,8.890092,692.5673,96.67884388663026,96.62434713971595
2s segments,fold_0,active,3,F8,8.094143,579.3344,96.67884388663026,96.62434713971595
2s segments,fold_0,active,4,T10,6.7140203,308.9425,96.67884388663026,96.62434713971595
2s segments,fold_0,active,5,PO7,6.578496,359.96454,96.67884388663026,96.62434713971595
2s segments,fold_0,active,6,PO3,6.4178185,477.41806,96.67884388663026,96.62434713971595
2s segments,fold_0,active,7,F9,6.326538,352.73212,96.67884388663026,96.62434713971595
2s segments,fold_0,active,8,CP5,6.2230425,443.2671,96.67884388663026,96.62434713971595
2s segments,fold_0,active,9,F10,6.131769,484.23804,96.67884388663026,96.62434713971595
2s segments,fold_0,active,10,CP1,5.787158,334.47498,96.67884388663026,96.62434713971595
2s segments,fold_0,passive,1,C2,7.7562313,122.88243,96.67884388663026,96.62434713971595
2s segments,fold_0,passive,2,AF8,7.4427223,122.363495,96.67884388663026,96.62434713971595
2s segments,fold_0,passive,3,AF7,5.42339,98.0339,96.67884388663026,96.62434713971595
2s segments,fold_0,passive,4,F3,4.7953963,78.53182,96.67884388663026,96.62434713971595
2s segments,fold_0,passive,5,FZ,4.5224304,67.426994,96.67884388663026,96.62434713971595
2s segments,fold_0,passive,6,C6,4.521574,71.92955,96.67884388663026,96.62434713971595
2s segments,fold_0,passive,7,C1,4.49206,69.83979,96.67884388663026,96.62434713971595
2s segments,fold_0,passive,8,F2,4.2410145,61.83514,96.67884388663026,96.62434713971595
2s segments,fold_0,passive,9,CP4,4.1904955,59.267765,96.67884388663026,96.62434713971595
2s segments,fold_0,passive,10,CP6,4.0196657,60.776764,96.67884388663026,96.62434713971595
2s segments,fold_1,combined,1,F9,8.825137,538.37366,96.93115444767163,96.88661973646889
2s segments,fold_1,combined,2,AF7,7.1366944,186.67853,96.93115444767163,96.88661973646889
2s segments,fold_1,combined,3,AF8,7.0204515,120.55137,96.93115444767163,96.88661973646889
2s segments,fold_1,combined,4,F3,6.922313,267.0515,96.93115444767163,96.88661973646889
2s segments,fold_1,combined,5,C2,6.86268,125.59747,96.93115444767163,96.88661973646889
2s segments,fold_1,combined,6,F8,6.2315397,304.42657,96.93115444767163,96.88661973646889
2s segments,fold_1,combined,7,PO4,5.71829,164.11766,96.93115444767163,96.88661973646889
2s segments,fold_1,combined,8,P3,5.66852,200.52057,96.93115444767163,96.88661973646889
2s segments,fold_1,combined,9,F1,5.3948402,290.93906,96.93115444767163,96.88661973646889
2s segments,fold_1,combined,10,C6,5.376428,102.12261,96.93115444767163,96.88661973646889
2s segments,fold_1,active,1,AF8,4.139166,95.42118,96.93115444767163,96.88661973646889
2s segments,fold_1,active,2,C2,3.542762,75.50827,96.93115444767163,96.88661973646889
2s segments,fold_1,active,3,AF7,3.485519,62.7639,96.93115444767163,96.88661973646889
2s segments,fold_1,active,4,C6,2.9523714,61.126244,96.93115444767163,96.88661973646889
2s segments,fold_1,active,5,P3,2.8835335,60.656673,96.93115444767163,96.88661973646889
2s segments,fold_1,active,6,F9,2.815652,72.94824,96.93115444767163,96.88661973646889
2s segments,fold_1,active,7,PO4,2.7657216,62.22164,96.93115444767163,96.88661973646889
2s segments,fold_1,active,8,F3,2.6074722,48.834614,96.93115444767163,96.88661973646889
2s segments,fold_1,active,9,P6,2.4644668,47.53066,96.93115444767163,96.88661973646889
2s segments,fold_1,active,10,FC3,2.2744343,33.09204,96.93115444767163,96.88661973646889
2s segments,fold_1,passive,1,F9,9.9248495,584.7214,96.93115444767163,96.88661973646889
2s segments,fold_1,passive,2,AF7,7.8051624,201.23697,96.93115444767163,96.88661973646889
2s segments,fold_1,passive,3,F3,7.712138,289.70108,96.93115444767163,96.88661973646889
2s segments,fold_1,passive,4,AF8,7.5483866,124.59253,96.93115444767163,96.88661973646889
2s segments,fold_1,passive,5,C2,7.470597,132.72658,96.93115444767163,96.88661973646889
2s segments,fold_1,passive,6,F8,7.02128,330.8991,96.93115444767163,96.88661973646889
2s segments,fold_1,passive,7,PO4,6.2593594,176.50684,96.93115444767163,96.88661973646889
2s segments,fold_1,passive,8,P3,6.1790724,216.54402,96.93115444767163,96.88661973646889
2s segments,fold_1,passive,9,F1,6.0670323,316.21295,96.93115444767163,96.88661973646889
2s segments,fold_1,passive,10,T7,5.8760157,290.29797,96.93115444767163,96.88661973646889
2s segments,fold_2,combined,1,AF8,6.9786134,97.6759,96.94699024077012,96.89027464781486
2s segments,fold_2,combined,2,C2,6.2668896,135.69075,96.94699024077012,96.89027464781486
2s segments,fold_2,combined,3,C1,5.640799,116.49782,96.94699024077012,96.89027464781486
2s segments,fold_2,combined,4,C6,5.609055,80.46476,96.94699024077012,96.89027464781486
2s segments,fold_2,combined,5,F3,5.4118814,65.22071,96.94699024077012,96.89027464781486
2s segments,fold_2,combined,6,FC3,4.9572296,70.23479,96.94699024077012,96.89027464781486
2s segments,fold_2,combined,7,FZ,4.8965473,91.6586,96.94699024077012,96.89027464781486
2s segments,fold_2,combined,8,F2,4.819928,63.33775,96.94699024077012,96.89027464781486
2s segments,fold_2,combined,9,AF7,4.735967,61.193363,96.94699024077012,96.89027464781486
2s segments,fold_2,combined,10,P6,4.536794,64.57079,96.94699024077012,96.89027464781486
2s segments,fold_2,active,1,F1,4.882432,159.47447,96.94699024077012,96.89027464781486
2s segments,fold_2,active,2,FZ,4.7917495,117.65766,96.94699024077012,96.89027464781486
2s segments,fold_2,active,3,AF8,4.2232456,59.73005,96.94699024077012,96.89027464781486
2s segments,fold_2,active,4,C1,4.1322346,83.998055,96.94699024077012,96.89027464781486
2s segments,fold_2,active,5,C6,3.9735105,90.36629,96.94699024077012,96.89027464781486
2s segments,fold_2,active,6,F3,3.9231963,54.94959,96.94699024077012,96.89027464781486
2s segments,fold_2,active,7,F8,3.893493,69.69985,96.94699024077012,96.89027464781486
2s segments,fold_2,active,8,C2,3.741785,63.52112,96.94699024077012,96.89027464781486
2s segments,fold_2,active,9,AF7,3.5997963,57.338097,96.94699024077012,96.89027464781486
2s segments,fold_2,active,10,CP4,3.581502,68.85759,96.94699024077012,96.89027464781486
2s segments,fold_2,passive,1,AF8,7.485735,103.13484,96.94699024077012,96.89027464781486
2s segments,fold_2,passive,2,C2,6.7321215,145.09198,96.94699024077012,96.89027464781486
2s segments,fold_2,passive,3,C1,5.9187613,121.51814,96.94699024077012,96.89027464781486
2s segments,fold_2,passive,4,C6,5.9101686,78.609856,96.94699024077012,96.89027464781486
2s segments,fold_2,passive,5,F3,5.685673,66.94786,96.94699024077012,96.89027464781486
2s segments,fold_2,passive,6,FC3,5.3181076,74.72133,96.94699024077012,96.89027464781486
2s segments,fold_2,passive,7,F2,5.0901732,65.00048,96.94699024077012,96.89027464781486
2s segments,fold_2,passive,8,AF7,4.945083,61.900517,96.94699024077012,96.89027464781486
2s segments,fold_2,passive,9,FZ,4.9159,86.05772,96.94699024077012,96.89027464781486
2s segments,fold_2,passive,10,P6,4.771917,67.31183,96.94699024077012,96.89027464781486
2s segments,fold_3,combined,1,FZ,7.062874,62.881893,96.78261561728887,96.75748253475045
2s segments,fold_3,combined,2,AF8,7.0379777,74.52566,96.78261561728887,96.75748253475045
2s segments,fold_3,combined,3,C2,6.9424934,71.39074,96.78261561728887,96.75748253475045
2s segments,fold_3,combined,4,F3,6.2831345,52.916565,96.78261561728887,96.75748253475045
2s segments,fold_3,combined,5,C6,4.9197235,45.33747,96.78261561728887,96.75748253475045
2s segments,fold_3,combined,6,AF7,4.7759542,40.88808,96.78261561728887,96.75748253475045
2s segments,fold_3,combined,7,FC3,4.774997,62.748848,96.78261561728887,96.75748253475045
2s segments,fold_3,combined,8,P6,4.612073,46.13094,96.78261561728887,96.75748253475045
2s segments,fold_3,combined,9,T10,4.5689297,73.57457,96.78261561728887,96.75748253475045
2s segments,fold_3,combined,10,T7,4.433392,54.4096,96.78261561728887,96.75748253475045
2s segments,fold_3,active,1,FZ,5.347111,60.118313,96.78261561728887,96.75748253475045
2s segments,fold_3,active,2,F3,4.085412,37.992496,96.78261561728887,96.75748253475045
2s segments,fold_3,active,3,AF8,3.9969504,28.726349,96.78261561728887,96.75748253475045
2s segments,fold_3,active,4,C2,3.8738835,30.577145,96.78261561728887,96.75748253475045
2s segments,fold_3,active,5,T7,3.5494003,24.584673,96.78261561728887,96.75748253475045
2s segments,fold_3,active,6,CP1,3.5293536,24.14641,96.78261561728887,96.75748253475045
2s segments,fold_3,active,7,F1,3.464352,17.565315,96.78261561728887,96.75748253475045
2s segments,fold_3,active,8,T10,3.3277323,21.489792,96.78261561728887,96.75748253475045
2s segments,fold_3,active,9,PO8,3.2633832,38.103962,96.78261561728887,96.75748253475045
2s segments,fold_3,active,10,F8,3.1801517,16.680866,96.78261561728887,96.75748253475045
2s segments,fold_3,passive,1,AF8,7.5946374,80.12741,96.78261561728887,96.75748253475045
2s segments,fold_3,passive,2,C2,7.5040984,76.53748,96.78261561728887,96.75748253475045
2s segments,fold_3,passive,3,FZ,7.3769894,63.36371,96.78261561728887,96.75748253475045
2s segments,fold_3,passive,4,F3,6.685484,55.197,96.78261561728887,96.75748253475045
2s segments,fold_3,passive,5,C6,5.2695365,48.571503,96.78261561728887,96.75748253475045
2s segments,fold_3,passive,6,FC3,5.101917,67.49999,96.78261561728887,96.75748253475045
2s segments,fold_3,passive,7,AF7,5.094145,43.161255,96.78261561728887,96.75748253475045
2s segments,fold_3,passive,8,P6,4.888855,48.78119,96.78261561728887,96.75748253475045
2s segments,fold_3,passive,9,T10,4.7961197,79.49186,96.78261561728887,96.75748253475045
2s segments,fold_3,passive,10,T7,4.5952053,58.235374,96.78261561728887,96.75748253475045
2s segments,fold_4,combined,1,AF8,9.55373,129.4411,97.10736553395736,97.07252230900811
2s segments,fold_4,combined,2,C2,8.189957,111.652374,97.10736553395736,97.07252230900811
2s segments,fold_4,combined,3,C6,6.009802,79.62921,97.10736553395736,97.07252230900811
2s segments,fold_4,combined,4,AF7,5.9692802,80.5787,97.10736553395736,97.07252230900811
2s segments,fold_4,combined,5,FZ,5.79339,97.08188,97.10736553395736,97.07252230900811
2s segments,fold_4,combined,6,F3,5.755105,77.5525,97.10736553395736,97.07252230900811
2s segments,fold_4,combined,7,F4,5.133785,69.73789,97.10736553395736,97.07252230900811
2s segments,fold_4,combined,8,FC3,4.9880204,65.91872,97.10736553395736,97.07252230900811
2s segments,fold_4,combined,9,C1,4.8749323,83.8016,97.10736553395736,97.07252230900811
2s segments,fold_4,combined,10,F7,4.8404427,66.17036,97.10736553395736,97.07252230900811
2s segments,fold_4,active,1,AF8,4.943071,70.02124,97.10736553395736,97.07252230900811
2s segments,fold_4,active,2,C2,4.436727,91.633545,97.10736553395736,97.07252230900811
2s segments,fold_4,active,3,FZ,3.5375865,55.047905,97.10736553395736,97.07252230900811
2s segments,fold_4,active,4,F3,3.414816,59.441063,97.10736553395736,97.07252230900811
2s segments,fold_4,active,5,AF7,3.3179984,49.735065,97.10736553395736,97.07252230900811
2s segments,fold_4,active,6,C6,3.2165108,52.965977,97.10736553395736,97.07252230900811
2s segments,fold_4,active,7,P3,3.1860561,69.65016,97.10736553395736,97.07252230900811
2s segments,fold_4,active,8,FC3,3.0291033,43.18617,97.10736553395736,97.07252230900811
2s segments,fold_4,active,9,F9,2.9175358,48.308395,97.10736553395736,97.07252230900811
2s segments,fold_4,active,10,PO4,2.8864162,46.986385,97.10736553395736,97.07252230900811
2s segments,fold_4,passive,1,AF8,10.404537,137.57742,97.10736553395736,97.07252230900811
2s segments,fold_4,passive,2,C2,8.882894,115.02181,97.10736553395736,97.07252230900811
2s segments,fold_4,passive,3,C6,6.525782,83.59855,97.10736553395736,97.07252230900811
2s segments,fold_4,passive,4,AF7,6.4591227,85.035866,97.10736553395736,97.07252230900811
2s segments,fold_4,passive,5,FZ,6.2101016,102.97274,97.10736553395736,97.07252230900811
2s segments,fold_4,passive,6,F3,6.187567,80.49606,97.10736553395736,97.07252230900811
2s segments,fold_4,passive,7,F4,5.5733232,74.28167,97.10736553395736,97.07252230900811
2s segments,fold_4,passive,8,FC3,5.349547,69.285324,97.10736553395736,97.07252230900811
2s segments,fold_4,passive,9,C1,5.3301682,89.986046,97.10736553395736,97.07252230900811
2s segments,fold_4,passive,10,F7,5.2527504,70.36834,97.10736553395736,97.07252230900811
4s segments,fold_0,combined,1,AF8,6.979796,99.43232,96.60949756000868,96.42844345707324
4s segments,fold_0,combined,2,C2,6.292717,127.94704,96.60949756000868,96.42844345707324
4s segments,fold_0,combined,3,T7,5.634703,105.1554,96.60949756000868,96.42844345707324
4s segments,fold_0,combined,4,F1,4.898872,124.02899,96.60949756000868,96.42844345707324
4s segments,fold_0,combined,5,FT7,4.749293,79.598335,96.60949756000868,96.42844345707324
4s segments,fold_0,combined,6,F9,4.6471233,88.4389,96.60949756000868,96.42844345707324
4s segments,fold_0,combined,7,T10,4.601664,52.328712,96.60949756000868,96.42844345707324
4s segments,fold_0,combined,8,AF7,4.339877,50.592358,96.60949756000868,96.42844345707324
4s segments,fold_0,combined,9,P2,4.1271634,54.027622,96.60949756000868,96.42844345707324
4s segments,fold_0,combined,10,F4,4.092402,82.98963,96.60949756000868,96.42844345707324
4s segments,fold_0,active,1,T7,8.673419,218.70424,96.60949756000868,96.42844345707324
4s segments,fold_0,active,2,F1,8.486782,277.00766,96.60949756000868,96.42844345707324
4s segments,fold_0,active,3,C2,8.062657,258.32202,96.60949756000868,96.42844345707324
4s segments,fold_0,active,4,F9,7.1424236,175.45697,96.60949756000868,96.42844345707324
4s segments,fold_0,active,5,AF8,6.651731,96.497955,96.60949756000868,96.42844345707324
4s segments,fold_0,active,6,FT7,6.291232,163.92232,96.60949756000868,96.42844345707324
4s segments,fold_0,active,7,FC3,6.217725,229.5358,96.60949756000868,96.42844345707324
4s segments,fold_0,active,8,T10,6.07596,98.481926,96.60949756000868,96.42844345707324
4s segments,fold_0,active,9,CP1,6.038547,152.05669,96.60949756000868,96.42844345707324
4s segments,fold_0,active,10,PO4,6.0333347,229.47072,96.60949756000868,96.42844345707324
4s segments,fold_0,passive,1,AF8,7.0469947,100.03442,96.60949756000868,96.42844345707324
4s segments,fold_0,passive,2,C2,5.931796,78.239296,96.60949756000868,96.42844345707324
4s segments,fold_0,passive,3,T7,5.014703,59.804554,96.60949756000868,96.42844345707324
4s segments,fold_0,passive,4,FT7,4.434611,46.434723,96.60949756000868,96.42844345707324
4s segments,fold_0,passive,5,T10,4.3008323,36.28605,96.60949756000868,96.42844345707324
4s segments,fold_0,passive,6,AF7,4.228237,39.529568,96.60949756000868,96.42844345707324
4s segments,fold_0,passive,7,F1,4.1666718,53.664787,96.60949756000868,96.42844345707324
4s segments,fold_0,passive,8,F9,4.137869,56.150593,96.60949756000868,96.42844345707324
4s segments,fold_0,passive,9,C1,4.133401,46.031837,96.60949756000868,96.42844345707324
4s segments,fold_0,passive,10,FP2,3.9326043,38.125076,96.60949756000868,96.42844345707324
4s segments,fold_1,combined,1,AF8,7.2133584,83.529076,97.26391791753753,97.11148374533455
4s segments,fold_1,combined,2,C2,5.512408,59.45176,97.26391791753753,97.11148374533455
4s segments,fold_1,combined,3,AF7,5.177181,82.53489,97.26391791753753,97.11148374533455
4s segments,fold_1,combined,4,F9,4.9788594,333.84784,97.26391791753753,97.11148374533455
4s segments,fold_1,combined,5,F3,4.7097354,57.64783,97.26391791753753,97.11148374533455
4s segments,fold_1,combined,6,C1,4.442932,55.368206,97.26391791753753,97.11148374533455
4s segments,fold_1,combined,7,T7,4.416421,97.254555,97.26391791753753,97.11148374533455
4s segments,fold_1,combined,8,P6,4.307962,61.153595,97.26391791753753,97.11148374533455
4s segments,fold_1,combined,9,C6,4.256014,55.002922,97.26391791753753,97.11148374533455
4s segments,fold_1,combined,10,FC3,4.0752363,57.076126,97.26391791753753,97.11148374533455
4s segments,fold_1,active,1,AF8,5.149578,43.507317,97.26391791753753,97.11148374533455
4s segments,fold_1,active,2,T7,4.2774186,36.528206,97.26391791753753,97.11148374533455
4s segments,fold_1,active,3,AF7,4.146155,34.32368,97.26391791753753,97.11148374533455
4s segments,fold_1,active,4,F3,4.068406,45.41202,97.26391791753753,97.11148374533455
4s segments,fold_1,active,5,F8,3.9267335,26.639114,97.26391791753753,97.11148374533455
4s segments,fold_1,active,6,C2,3.893083,33.1619,97.26391791753753,97.11148374533455
4s segments,fold_1,active,7,F1,3.8615692,17.374834,97.26391791753753,97.11148374533455
4s segments,fold_1,active,8,C1,3.835438,39.751724,97.26391791753753,97.11148374533455
4s segments,fold_1,active,9,T10,3.7273483,26.56077,97.26391791753753,97.11148374533455
4s segments,fold_1,active,10,P6,3.6147757,26.419546,97.26391791753753,97.11148374533455
4s segments,fold_1,passive,1,AF8,7.6291914,89.44379,97.26391791753753,97.11148374533455
4s segments,fold_1,passive,2,C2,5.838846,63.428402,97.26391791753753,97.11148374533455
4s segments,fold_1,passive,3,AF7,5.385057,89.15154,97.26391791753753,97.11148374533455
4s segments,fold_1,passive,4,F9,5.2568235,365.82098,97.26391791753753,97.11148374533455
4s segments,fold_1,passive,5,F3,4.8390207,59.808075,97.26391791753753,97.11148374533455
4s segments,fold_1,passive,6,C1,4.5653925,58.006557,97.26391791753753,97.11148374533455
4s segments,fold_1,passive,7,P6,4.447686,65.97137,97.26391791753753,97.11148374533455
4s segments,fold_1,passive,8,T7,4.4444575,105.33306,97.26391791753753,97.11148374533455
4s segments,fold_1,passive,9,C6,4.395257,57.814877,97.26391791753753,97.11148374533455
4s segments,fold_1,passive,10,FC3,4.2099457,61.545628,97.26391791753753,97.11148374533455
4s segments,fold_2,combined,1,C2,6.060161,50.170124,97.01908317383312,96.83846015470408
4s segments,fold_2,combined,2,AF8,5.311308,39.098747,97.01908317383312,96.83846015470408
4s segments,fold_2,combined,3,FZ,4.846913,111.54031,97.01908317383312,96.83846015470408
4s segments,fold_2,combined,4,C6,4.4655213,33.53484,97.01908317383312,96.83846015470408
4s segments,fold_2,combined,5,F8,4.4654326,56.76602,97.01908317383312,96.83846015470408
4s segments,fold_2,combined,6,AF7,4.422334,37.06993,97.01908317383312,96.83846015470408
4s segments,fold_2,combined,7,F4,4.1495004,42.252247,97.01908317383312,96.83846015470408
4s segments,fold_2,combined,8,C1,4.040419,34.955223,97.01908317383312,96.83846015470408
4s segments,fold_2,combined,9,F3,3.9086692,37.625576,97.01908317383312,96.83846015470408
4s segments,fold_2,combined,10,T7,3.8362317,65.73325,97.01908317383312,96.83846015470408
4s segments,fold_2,active,1,C2,4.5480933,46.088394,97.01908317383312,96.83846015470408
4s segments,fold_2,active,2,FZ,4.518361,77.77335,97.01908317383312,96.83846015470408
4s segments,fold_2,active,3,F8,4.2060103,25.638699,97.01908317383312,96.83846015470408
4s segments,fold_2,active,4,T7,4.0323195,52.94075,97.01908317383312,96.83846015470408
4s segments,fold_2,active,5,AF8,3.9687645,25.007706,97.01908317383312,96.83846015470408
4s segments,fold_2,active,6,F1,3.8992438,33.173916,97.01908317383312,96.83846015470408
4s segments,fold_2,active,7,F9,3.5717564,29.757956,97.01908317383312,96.83846015470408
4s segments,fold_2,active,8,FC6,3.533915,51.06305,97.01908317383312,96.83846015470408
4s segments,fold_2,active,9,C6,3.4533217,25.50512,97.01908317383312,96.83846015470408
4s segments,fold_2,active,10,F4,3.442631,24.283546,97.01908317383312,96.83846015470408
4s segments,fold_2,passive,1,C2,6.3662643,50.959816,97.01908317383312,96.83846015470408
4s segments,fold_2,passive,2,AF8,5.5831404,41.37084,97.01908317383312,96.83846015470408
4s segments,fold_2,passive,3,FZ,4.913429,117.192635,97.01908317383312,96.83846015470408
4s segments,fold_2,passive,4,C6,4.6703715,34.939434,97.01908317383312,96.83846015470408
4s segments,fold_2,passive,5,AF7,4.6272397,39.43101,97.01908317383312,96.83846015470408
4s segments,fold_2,passive,6,F8,4.517926,61.16762,97.01908317383312,96.83846015470408
4s segments,fold_2,passive,7,F4,4.292572,45.018547,97.01908317383312,96.83846015470408
4s segments,fold_2,passive,8,C1,4.2298083,37.087124,97.01908317383312,96.83846015470408
4s segments,fold_2,passive,9,F3,4.022711,38.31656,97.01908317383312,96.83846015470408
4s segments,fold_2,passive,10,T7,3.7965999,68.02994,97.01908317383312,96.83846015470408
4s segments,fold_3,combined,1,AF8,6.7294083,51.82296,96.9504796572252,96.74278824524465
4s segments,fold_3,combined,2,F3,6.463884,46.770084,96.9504796572252,96.74278824524465
4s segments,fold_3,combined,3,C2,6.1241007,58.216263,96.9504796572252,96.74278824524465
4s segments,fold_3,combined,4,T7,5.5057716,37.489662,96.9504796572252,96.74278824524465
4s segments,fold_3,combined,5,C6,4.9255333,38.273636,96.9504796572252,96.74278824524465
4s segments,fold_3,combined,6,T10,4.729181,48.848625,96.9504796572252,96.74278824524465
4s segments,fold_3,combined,7,AF7,4.6423206,36.180763,96.9504796572252,96.74278824524465
4s segments,fold_3,combined,8,F4,4.622309,36.789757,96.9504796572252,96.74278824524465
4s segments,fold_3,combined,9,C1,4.341275,37.17646,96.9504796572252,96.74278824524465
4s segments,fold_3,combined,10,FZ,4.274381,34.27088,96.9504796572252,96.74278824524465
4s segments,fold_3,active,1,T7,5.694861,31.477652,96.9504796572252,96.74278824524465
4s segments,fold_3,active,2,AF8,5.136236,44.19806,96.9504796572252,96.74278824524465
4s segments,fold_3,active,3,F3,5.07336,44.192974,96.9504796572252,96.74278824524465
4s segments,fold_3,active,4,C2,4.4796214,32.67573,96.9504796572252,96.74278824524465
4s segments,fold_3,active,5,T10,4.3981695,31.030952,96.9504796572252,96.74278824524465
4s segments,fold_3,active,6,F4,4.1717243,38.436287,96.9504796572252,96.74278824524465
4s segments,fold_3,active,7,F1,4.1536756,31.212818,96.9504796572252,96.74278824524465
4s segments,fold_3,active,8,CP1,4.01674,24.533155,96.9504796572252,96.74278824524465
4s segments,fold_3,active,9,F9,3.963839,29.467049,96.9504796572252,96.74278824524465
4s segments,fold_3,active,10,C6,3.827488,29.752832,96.9504796572252,96.74278824524465
4s segments,fold_3,passive,1,AF8,7.050509,53.221024,96.9504796572252,96.74278824524465
4s segments,fold_3,passive,2,F3,6.7441497,47.270718,96.9504796572252,96.74278824524465
4s segments,fold_3,passive,3,C2,6.4555387,62.10108,96.9504796572252,96.74278824524465
4s segments,fold_3,passive,4,T7,5.4677095,38.586937,96.9504796572252,96.74278824524465
4s segments,fold_3,passive,5,C6,5.1468663,39.769897,96.9504796572252,96.74278824524465
4s segments,fold_3,passive,6,AF7,4.8594985,37.50624,96.9504796572252,96.74278824524465
4s segments,fold_3,passive,7,T10,4.7958765,51.701134,96.9504796572252,96.74278824524465
4s segments,fold_3,passive,8,F4,4.7130933,36.456104,96.9504796572252,96.74278824524465
4s segments,fold_3,passive,9,C1,4.5350266,38.62455,96.9504796572252,96.74278824524465
4s segments,fold_3,passive,10,FZ,4.4130993,35.145927,96.9504796572252,96.74278824524465
4s segments,fold_4,combined,1,AF8,8.259606,67.57388,96.64378554406751,96.32713379469435
4s segments,fold_4,combined,2,C2,5.7074037,66.250305,96.64378554406751,96.32713379469435
4s segments,fold_4,combined,3,T7,5.649588,186.56758,96.64378554406751,96.32713379469435
4s segments,fold_4,combined,4,F4,5.5351124,47.32985,96.64378554406751,96.32713379469435
4s segments,fold_4,combined,5,FC3,5.469425,62.962997,96.64378554406751,96.32713379469435
4s segments,fold_4,combined,6,P6,5.3727555,44.0551,96.64378554406751,96.32713379469435
4s segments,fold_4,combined,7,FT7,4.4769197,51.049328,96.64378554406751,96.32713379469435
4s segments,fold_4,combined,8,F9,4.4586124,121.05205,96.64378554406751,96.32713379469435
4s segments,fold_4,combined,9,AF7,4.1355343,36.258793,96.64378554406751,96.32713379469435
4s segments,fold_4,combined,10,CP1,4.0031786,37.94398,96.64378554406751,96.32713379469435
4s segments,fold_4,active,1,T7,9.732561,446.18704,96.64378554406751,96.32713379469435
4s segments,fold_4,active,2,F9,6.8874607,282.55508,96.64378554406751,96.32713379469435
4s segments,fold_4,active,3,AF8,6.618648,60.19594,96.64378554406751,96.32713379469435
4s segments,fold_4,active,4,F1,5.5617776,206.05595,96.64378554406751,96.32713379469435
4s segments,fold_4,active,5,F4,5.0630054,66.20241,96.64378554406751,96.32713379469435
4s segments,fold_4,active,6,FC3,5.001093,82.22463,96.64378554406751,96.32713379469435
4s segments,fold_4,active,7,P6,4.6721396,51.139282,96.64378554406751,96.32713379469435
4s segments,fold_4,active,8,C2,4.577818,32.287792,96.64378554406751,96.32713379469435
4s segments,fold_4,active,9,P2,4.4348044,81.71031,96.64378554406751,96.32713379469435
4s segments,fold_4,active,10,PO7,4.344345,108.94858,96.64378554406751,96.32713379469435
4s segments,fold_4,passive,1,AF8,8.591973,68.96286,96.64378554406751,96.32713379469435
4s segments,fold_4,passive,2,C2,5.9362965,71.1758,96.64378554406751,96.32713379469435
4s segments,fold_4,passive,3,F4,5.630919,42.488407,96.64378554406751,96.32713379469435
4s segments,fold_4,passive,4,FC3,5.5644526,58.28083,96.64378554406751,96.32713379469435
4s segments,fold_4,passive,5,P6,5.514791,42.46993,96.64378554406751,96.32713379469435
4s segments,fold_4,passive,6,T7,4.822891,39.40147,96.64378554406751,96.32713379469435
4s segments,fold_4,passive,7,FT7,4.531183,46.518345,96.64378554406751,96.32713379469435
4s segments,fold_4,passive,8,AF7,4.245813,36.95959,96.64378554406751,96.32713379469435
4s segments,fold_4,passive,9,P1,4.0149736,38.65124,96.64378554406751,96.32713379469435
4s segments,fold_4,passive,10,CP1,3.9699383,38.338333,96.64378554406751,96.32713379469435
